<!--

  This program is free software; you can redistribute it and/or modify
  it under the terms of the GNU General Public License as published by
  the Free Software Foundation; either version 2 of the License, or
  (at your option) any later version.

  This program is distributed in the hope that it will be useful,
  but WITHOUT ANY WARRANTY; without even the implied warranty of
  MERCHANTABILITY or FITNESS FOR A PARTICULAR PURPOSE.  See the
  GNU General Public License for more details.

  You should have received a copy of the GNU General Public License
  along with this program; if not, write to the Free Software
  Foundation, Inc., 59 Temple Place, Suite 330, Boston, MA  02111-1307  USA

 (c)Copyright 2006 Hewlett-Packard Development Company, LP.

-->

<?xml version="1.0" encoding="ISO-8859-1"?>
<protocol name="diameter-v1" type="binary" padding="4">

<types>
<!-- Types defined for the AVP   -->
  <typedef name="Integer32" type="signed" size="4" unit="octet"> </typedef>
  <typedef name="Unsigned32" type="number" size="4" unit="octet"> </typedef>
  <typedef name="Integer64" type="signed64" size="8" unit="octet"> </typedef>
  <typedef name="Unsigned64" type="number64" size="8" unit="octet"> </typedef>
  <typedef name="OctetString" type="string" size="4" unit="octet"> </typedef>
  <typedef name="Grouped" type="grouped"></typedef>
</types>

<header name="command" length="msg-length" type="cmd-code">
  <fielddef name="protocol-version" size="1" unit="octet"></fielddef>
  <fielddef name="msg-length" size="3" unit="octet"> </fielddef>
  <fielddef name="flags" size="1" unit="octet"> </fielddef>
  <fielddef name="cmd-code" size="3" unit="octet"> </fielddef>
  <fielddef name="application-id" size="4" unit="octet"> </fielddef>
  <fielddef name="HbH-id" size="4" unit="octet"> </fielddef>
  <fielddef name="EtE-id" size="4" unit="octet"> </fielddef>
</header>

<body>
  <header name="avp" length="avp-length" type="avp-code">
     <fielddef name="avp-code" size="4" unit="octet"> </fielddef>
     <fielddef name="flags" size="1" unit="octet"> </fielddef>
     <fielddef name="avp-length" size="3" unit="octet"> </fielddef>
     <optional>
        <fielddef name="Vendor-ID" size="4" unit="octet"
                  condition="mask" field="flags" mask="128">
        </fielddef>
     </optional>
  </header>
</body>

<dictionary>
  <!-- AVP definitions -->
  <!-- Note: should be coming from external dictionary.XML -->
  <avp>
    <!-- Diameter base AVPs -->
    <define name="User-Name" type="OctetString">
      <setfield name="avp-code" value="1"></setfield>
      <setfield name="flags" value="64"></setfield>
    </define>
     <define name="Password" type="OctetString">
      <setfield name="avp-code" value="2"></setfield>
      <setfield name="flags" value="64"></setfield>
    </define>
	 <define name="Vendor-Id" type="Unsigned32">
      <setfield name="avp-code" value="266"></setfield>
      <setfield name="flags" value="64"></setfield>
    </define>
    <define name="Framed-IP-Address" type="OctetString">
      <setfield name="avp-code" value="8"></setfield>
      <setfield name="flags" value="64"></setfield>
    </define>
    <define name="Host-IP-Address" type="OctetString">
      <setfield name="avp-code" value="257"></setfield>
      <setfield name="flags" value="64"></setfield>
    </define>
    <define name="Auth-Application-Id" type="Unsigned32">
      <setfield name="avp-code" value="258"></setfield>
      <setfield name="flags" value="64"></setfield>
    </define>
    <define name="Proxy-Info" type="Grouped">
      <setfield name="avp-code" value="284"></setfield>
      <setfield name="flags" value="64"></setfield>
    </define>
    <define name="Proxy-Host" type="OctetString">
      <setfield name="avp-code" value="280"></setfield>
      <setfield name="flags" value="64"></setfield>
    </define>
	<define name="Called-Station-Id" type="OctetString">
      <setfield name="avp-code" value="30"></setfield>
      <setfield name="flags" value="64"></setfield>
    </define>
    <define name="Proxy-State" type="OctetString">
      <setfield name="avp-code" value="33"></setfield>
      <setfield name="flags" value="64"></setfield>
    </define>
    <define name="Acct-Application-Id" type="Unsigned32">
      <setfield name="avp-code" value="259"></setfield>
      <setfield name="flags" value="64"></setfield>
    </define>
    <define name="Vendor-Specific-Application-Id" type="Grouped">
      <setfield name="avp-code" value="260"></setfield>
      <setfield name="flags" value="64"></setfield>
    </define>
    <define name="Session-Id" type="OctetString">
      <setfield name="avp-code" value="263"></setfield>
      <setfield name="flags" value="64"></setfield>
    </define>
    <define name="Origin-Host" type="OctetString">
      <setfield name="avp-code" value="264"></setfield>
      <setfield name="flags" value="64"></setfield>
    </define>
    <define name="Supported-Vendor-Id" type="Unsigned32">
      <setfield name="avp-code" value="265"></setfield>
      <setfield name="flags" value="64"></setfield>
    </define>
    <define name="Vendor-Id" type="Unsigned32">
      <setfield name="avp-code" value="266"></setfield>
      <setfield name="flags" value="64"></setfield>
    </define>
    <define name="Firmware-Revision" type="Unsigned32">
      <setfield name="avp-code" value="267"></setfield>
      <setfield name="flags" value="0"></setfield>
    </define>
    <define name="Result-Code" type="Unsigned32">
      <setfield name="avp-code" value="268"></setfield>
      <setfield name="flags" value="64"></setfield>
    </define>
    <define name="Product-Name" type="OctetString">
      <setfield name="avp-code" value="269"></setfield>
      <setfield name="flags" value="64"></setfield>
    </define>
    <define name="Auth-Session-State" type="Unsigned32">
      <setfield name="avp-code" value="277"></setfield>
      <setfield name="flags" value="64"></setfield>
    </define>
    <define name="Origin-State-Id" type="Unsigned32">
      <setfield name="avp-code" value="278"></setfield>
      <setfield name="flags" value="64"></setfield>
    </define>
    <define name="Destination-Realm" type="OctetString">
      <setfield name="avp-code" value="283"></setfield>
      <setfield name="flags" value="64"></setfield>
    </define>
    <define name="Destination-Host" type="OctetString">
      <setfield name="avp-code" value="293"></setfield>
      <setfield name="flags" value="64"></setfield>
    </define>
    <define name="Origin-Realm" type="OctetString">
      <setfield name="avp-code" value="296"></setfield>
      <setfield name="flags" value="64"></setfield>
    </define>
    <define name="Experimental-Result" type="Grouped">
      <setfield name="avp-code" value="297"></setfield>
      <setfield name="flags" value="64"></setfield>
    </define>
    <define name="Experimental-Result-Code" type="Unsigned32">
      <setfield name="avp-code" value="298"></setfield>
      <setfield name="flags" value="64"></setfield>
    </define>
    <define name="Re-Auth-Request-Type" type="Unsigned32">
      <setfield name="avp-code" value="285"></setfield>
      <setfield name="flags" value="64"></setfield>
    </define>
    <!-- 3GPP Cx AVPs (!!! vendor-id=10415) -->
    <define name="Visited-Network-Identifier" type="OctetString">
      <setfield name="avp-code" value="1"></setfield>
      <setfield name="flags" value="192"></setfield>
      <setfield name="Vendor-ID" value="10415"></setfield>
    </define>
    <define name="Public-Identity" type="OctetString">
      <setfield name="avp-code" value="2"></setfield>
      <setfield name="flags" value="192"></setfield>
      <setfield name="Vendor-ID" value="10415"></setfield>
    </define>
    <define name="Server-Name" type="OctetString">
      <setfield name="avp-code" value="3"></setfield>
      <setfield name="flags" value="192"></setfield>
      <setfield name="Vendor-ID" value="10415"></setfield>
    </define>
    <define name="Server-Assignment-Type" type="Unsigned32">
      <setfield name="avp-code" value="15"></setfield>
      <setfield name="flags" value="192"></setfield>
      <setfield name="Vendor-ID" value="10415"></setfield>
    </define>
     

    <define name="User-Authorization-Type" type="Unsigned32">
      <setfield name="avp-code" value="24"></setfield>
      <setfield name="flags" value="192"></setfield>
      <setfield name="Vendor-ID" value="10415"></setfield>
    </define>
    <define name="User-Data-Request-Type" type="Unsigned32">
      <setfield name="avp-code" value="25"></setfield>
      <setfield name="flags" value="192"></setfield>
      <setfield name="Vendor-ID" value="10415"></setfield>
    </define>
    <define name="User-Data-Already-Available" type="Unsigned32">
      <setfield name="avp-code" value="26"></setfield>
      <setfield name="flags" value="192"></setfield>
      <setfield name="Vendor-ID" value="10415"></setfield>
    </define>

    <define name="RAT-Type" type="Unsigned32">
      <setfield name="avp-code" value="1032"></setfield>
      <setfield name="flags" value="192"></setfield>
      <setfield name="Vendor-ID" value="10415"></setfield>
    </define>
    
    <!-- Credit-Control AVPs -->

    <define name="Event-Timestamp" type="Unsigned64">
      <setfield name="avp-code" value="55"></setfield>
      <setfield name="flags" value="64"></setfield>
    </define>    
    <define name="CC-Request-Type" type="Unsigned32">
      <setfield name="avp-code" value="416"></setfield>
      <setfield name="flags" value="64"></setfield>
    </define>

     <define name="CC-Request-Number" type="Unsigned32">
      <setfield name="avp-code" value="415"></setfield>
      <setfield name="flags" value="64"></setfield>
    </define>
    
    <define name="User-Equipment-Info" type="Grouped">
      <setfield name="avp-code" value="458"></setfield>
      <setfield name="flags" value="64"></setfield>
    </define>
    
    <define name="User-Equipment-Info-Type" type="Unsigned32">
      <setfield name="avp-code" value="459"></setfield>
      <setfield name="flags" value="0"></setfield>
    </define>
   
    <define name="User-Equipment-Info-Value" type="OctetString">
      <setfield name="avp-code" value="460"></setfield>
      <setfield name="flags" value="0"></setfield>
    </define>

   <define name="Used-Service-Unit" type="Grouped">
      <setfield name="avp-code" value="446"></setfield>
      <setfield name="flags" value="64"></setfield>
    </define>

    <define name="Requested-Service-Unit" type="Grouped">
      <setfield name="avp-code" value="437"></setfield>
      <setfield name="flags" value="64"></setfield>
    </define>
    
    <define name="CC-Total-Octets" type="Unsigned64">
      <setfield name="avp-code" value="421"></setfield>
      <setfield name="flags" value="64"></setfield>
    </define>

    
    
    <define name="CC-Input-Octets" type="Unsigned64">
      <setfield name="avp-code" value="412"></setfield>
      <setfield name="flags" value="64"></setfield>
    </define>
    
    <define name="CC-Output-Octets" type="Unsigned64">
      <setfield name="avp-code" value="414"></setfield>
      <setfield name="flags" value="64"></setfield>
    </define>
    
    <define name="CC-Time" type="Unsigned32">
      <setfield name="avp-code" value="420"></setfield>
      <setfield name="flags" value="64"></setfield>
    </define>  
    
    <define name="Rating-Group" type="Unsigned32">
      <setfield name="avp-code" value="432"></setfield>
      <setfield name="flags" value="64"></setfield>
    </define>
    
    <define name="Rating-Group" type="Unsigned32">
      <setfield name="avp-code" value="432"></setfield>
      <setfield name="flags" value="64"></setfield>
    </define>
    
    <define name="ServiceType" type="OctetString">
      <setfield name="avp-code" value="442"></setfield>
      <setfield name="flags" value="64"></setfield>
    </define>
      
   <!-- for Gx interface -->
   <define name="Charging-Rule-Install" type="Grouped">
      <setfield name="avp-code" value="1001"></setfield>
      <setfield name="flags" value="192"></setfield>
      <setfield name="Vendor-ID" value="10415"></setfield>
    </define>
    
    <define name="Flow-Information" type="Grouped">
      <setfield name="avp-code" value="1058"></setfield>
      <setfield name="flags" value="192"></setfield>
      <setfield name="Vendor-ID" value="10415"></setfield>
    </define>

    <define name="Charging-Rule-Name" type="OctetString">
      <setfield name="avp-code" value="1005"></setfield>
      <setfield name="flags" value="192"></setfield>
      <setfield name="Vendor-ID" value="10415"></setfield>
    </define> 
    
    <define name="RAT-Type" type="Unsigned32">
      <setfield name="avp-code" value="1032"></setfield>
      <setfield name="flags" value="192"></setfield>
      <setfield name="Vendor-ID" value="10415"></setfield>
    </define>  
    <define name="3GPP-SGSN-MCC-MNC" type="OctetString">
      <setfield name="avp-code" value="18"></setfield>
      <setfield name="flags" value="192"></setfield>
      <setfield name="Vendor-ID" value="10415"></setfield>
    </define>
    <define name="Bearer-Identifier" type="OctetString">
      <setfield name="avp-code" value="1020"></setfield>
      <setfield name="flags" value="192"></setfield>
      <setfield name="Vendor-ID" value="10415"></setfield>
    </define>
    <define name="Bearer-Operation" type="Unsigned32">
      <setfield name="avp-code" value="1021"></setfield>
      <setfield name="flags" value="192"></setfield>
      <setfield name="Vendor-ID" value="10415"></setfield>
    </define>
    <!-- dummy -->
    <define name="CSG-Id" type="Unsigned32">
      <setfield name="avp-code" value="1010"></setfield>
      <setfield name="flags" value="192"></setfield>
      <setfield name="Vendor-ID" value="10415"></setfield>
    </define>
    <define name="City" type="OctetString">
      <setfield name="avp-code" value="1077"></setfield>
      <setfield name="flags" value="192"></setfield>
      <setfield name="Vendor-ID" value="10415"></setfield>
    </define>
    <define name="Area" type="OctetString">
      <setfield name="avp-code" value="1066"></setfield>
      <setfield name="flags" value="192"></setfield>
      <setfield name="Vendor-ID" value="10415"></setfield>
    </define>
    <define name="Zone" type="OctetString">
      <setfield name="avp-code" value="1065"></setfield>
      <setfield name="flags" value="192"></setfield>
      <setfield name="Vendor-ID" value="10415"></setfield>
    </define>
    <define name="CustomerSegment" type="OctetString">
      <setfield name="avp-code" value="1057"></setfield>
      <setfield name="flags" value="192"></setfield>
      <setfield name="Vendor-ID" value="10415"></setfield>
    </define>
   
    <define name="Multiple-Services-Credit-Control" type="Grouped">
      <setfield name="avp-code" value="456"></setfield>
      <setfield name="flags" value="96"></setfield>
    </define> 
     <!-- for Rx Interface -->
	
    <define name="Media-Component-Description" type="Grouped">
      <setfield name="avp-code" value="517"></setfield>
      <setfield name="flags" value="192"></setfield>
      <setfield name="Vendor-ID" value="10415"></setfield>
    </define>

    <define name="AF-Application-identifier" type="OctetString">
      <setfield name="avp-code" value="504"></setfield>
      <setfield name="flags" value="192"></setfield>
      <setfield name="Vendor-ID" value="10415"></setfield>
    </define>

    <define name="Max-Requested-Bandwidth-DL" type="Unsigned32">
      <setfield name="avp-code" value="515"></setfield>
      <setfield name="flags" value="192"></setfield>
      <setfield name="Vendor-ID" value="10415"></setfield>
    </define>

   <define name="Max-Requested-Bandwidth-UL" type="Unsigned32">
      <setfield name="avp-code" value="516"></setfield>
      <setfield name="flags" value="192"></setfield>
      <setfield name="Vendor-ID" value="10415"></setfield>
    </define>
	
	<define name="Allocation-Retention-Priority" type="Grouped">
      <setfield name="avp-code" value="1034"></setfield>
      <setfield name="flags" value="192"></setfield>
      <setfield name="Vendor-ID" value="10415"></setfield>
    </define>
	
	<define name="Priority-Level" type="Unsigned32">
      <setfield name="avp-code" value="1046"></setfield>
      <setfield name="flags" value="192"></setfield>
      <setfield name="Vendor-ID" value="10415"></setfield>
    </define>

    <define name="Media-Component-Number" type="Unsigned32">
      <setfield name="avp-code" value="518"></setfield>
      <setfield name="flags" value="192"></setfield>
      <setfield name="Vendor-ID" value="10415"></setfield>
    </define>

    <define name="Usage-Monitoring-Information" type="Grouped">
      <setfield name="avp-code" value="1067"></setfield>
      <setfield name="flags" value="192"></setfield>
      <setfield name="Vendor-ID" value="10415"></setfield>
    </define>
 
    <define name="Event-Trigger" type="Unsigned32">
      <setfield name="avp-code" value="1006"></setfield>
      <setfield name="flags" value="192"></setfield>
      <setfield name="Vendor-ID" value="10415"></setfield>
    </define>

    <define name="Media-Type" type="Unsigned32">
      <setfield name="avp-code" value="520"></setfield>
      <setfield name="flags" value="192"></setfield>
      <setfield name="Vendor-ID" value="10415"></setfield>
    </define>

    <define name="Flow-Status" type="Unsigned32">
      <setfield name="avp-code" value="511"></setfield>
      <setfield name="flags" value="192"></setfield>
      <setfield name="Vendor-ID" value="10415"></setfield>
    </define>

    <define name="Flow-Usage" type="Unsigned32">
      <setfield name="avp-code" value="512"></setfield>
      <setfield name="flags" value="192"></setfield>
      <setfield name="Vendor-ID" value="10415"></setfield>
    </define>
    
    <define name="3GPP-Charging-Gateway-Address" type="OctetString">
      <setfield name="avp-code" value="4"></setfield>
      <setfield name="flags" value="192"></setfield>
      <setfield name="Vendor-ID" value="10415"></setfield>
    </define>
    <define name="Monitoring-Key" type="OctetString">
      <setfield name="avp-code" value="1066"></setfield>
      <setfield name="flags" value="192"></setfield>
      <setfield name="Vendor-ID" value="10415"></setfield>
    </define>
   
    <define name="Usage-Monitoring-Level" type="Unsigned32">
      <setfield name="avp-code" value="1068"></setfield>
      <setfield name="flags" value="192"></setfield>
      <setfield name="Vendor-ID" value="10415"></setfield>
    </define>
   
    <define name="Online" type="Unsigned32">
      <setfield name="avp-code" value="1009"></setfield>
      <setfield name="flags" value="192"></setfield>
      <setfield name="Vendor-ID" value="10415"></setfield>
    </define>
	
	<define name="Offline" type="Unsigned32">
      <setfield name="avp-code" value="1008"></setfield>
      <setfield name="flags" value="192"></setfield>
      <setfield name="Vendor-ID" value="10415"></setfield>
    </define>
 
    <!-- Grouped AVPs (to do)                                               -->
    <!-- Proxy-Info, Auth-Application-Id, Failed-AVP, Server-Capabilities,  -->
    <!-- SIP-Auth-Data-Item, DeRegistration-Reason, Charging-Information,   -->
    <!-- Experimental-Result                                                -->
     <!-- for Gx interface -->

	<define name="Supported-Features" type="Grouped">
      <setfield name="avp-code" value="628"></setfield>
      <setfield name="flags" value="192"></setfield>
      <setfield name="Vendor-ID" value="10415"></setfield>
    </define>
 
	<define name="Feature-List-Id" type="Unsigned32">
      <setfield name="avp-code" value="629"></setfield>
      <setfield name="flags" value="192"></setfield>
      <setfield name="Vendor-ID" value="10415"></setfield>
    </define>
	
	<define name="Feature-List" type="Unsigned32">
      <setfield name="avp-code" value="630"></setfield>
      <setfield name="flags" value="192"></setfield>
      <setfield name="Vendor-ID" value="10415"></setfield>
    </define>
    
	<define name="Charging-Rule-Install" type="Grouped">
      <setfield name="avp-code" value="1001"></setfield>
      <setfield name="flags" value="192"></setfield>
      <setfield name="Vendor-ID" value="10415"></setfield>
    </define>	
	
    <define name="Charging-Rule-Name" type="OctetString">
      <setfield name="avp-code" value="1005"></setfield>
      <setfield name="flags" value="192"></setfield>
      <setfield name="Vendor-ID" value="10415"></setfield>
    </define> 

    <define name="Charging-Rule-Report" type="Grouped">
      <setfield name="avp-code" value="1018"></setfield>
      <setfield name="flags" value="192"></setfield>
      <setfield name="Vendor-ID" value="10415"></setfield>
    </define>

    <define name="PCC-Rule-Status" type="Unsigned32">
      <setfield name="avp-code" value="1019"></setfield>
      <setfield name="flags" value="192"></setfield>
      <setfield name="Vendor-ID" value="10415"></setfield>
    </define>   

    <define name="RAT-Type" type="OctetString">
      <setfield name="avp-code" value="1032"></setfield>
      <setfield name="flags" value="192"></setfield>
      <setfield name="Vendor-ID" value="10415"></setfield>
    </define>  
 
    <define name="Media-Sub-Component" type="Grouped">
      <setfield name="avp-code" value="519"></setfield>
      <setfield name="flags" value="192"></setfield>
      <setfield name="Vendor-ID" value="10415"></setfield>
    </define>  
   
    <define name="Flow-Description" type="OctetString">
      <setfield name="avp-code" value="507"></setfield>
      <setfield name="flags" value="192"></setfield>
      <setfield name="Vendor-ID" value="10415"></setfield>
    </define>
 
    <define name="Cisco-SCA-BB-Package-Install" type="OctetString">
      <setfield name="avp-code" value="1000"></setfield>
      <setfield name="flags" value="192"></setfield>
      <setfield name="Vendor-ID" value="9"></setfield>
    </define>
    
    <define name="Cisco-SCA-BB-Vlink-Upstream-Install" type="OctetString">
      <setfield name="avp-code" value="1002"></setfield>
      <setfield name="flags" value="192"></setfield>
      <setfield name="Vendor-ID" value="9"></setfield>
    </define>

    <define name="Cisco-SCA-BB-Vlink-Downlink-Install" type="OctetString">
      <setfield name="avp-code" value="1003"></setfield>
      <setfield name="flags" value="192"></setfield>
      <setfield name="Vendor-ID" value="9"></setfield>
    </define>

    <define name="3GPP-SGSN-MCC-MNC" type="OctetString">

      <setfield name="avp-code" value="1032"></setfield>

      <setfield name="flags" value="192"></setfield>

      <setfield name="Vendor-ID" value="10415"></setfield>

    </define>  



	<define name="Bearer-Identifier" type="OctetString">

      <setfield name="avp-code" value="1020"></setfield>

      <setfield name="flags" value="192"></setfield>

      <setfield name="Vendor-ID" value="10415"></setfield>

    </define>

    

    

    

    <!--  recently added   --> 

    <define name="Bearer-Operation" type="Unsigned32">

      <setfield name="avp-code" value="1020"></setfield>

      <setfield name="flags" value="192"></setfield>

      <setfield name="Vendor-ID" value="10415"></setfield>

    </define>

    <define name="IP-CAN-Type" type="Unsigned32">

      <setfield name="avp-code" value="1027"></setfield>

      <setfield name="flags" value="192"></setfield>

      <setfield name="Vendor-ID" value="10415"></setfield>

    </define>

    <define name="QoS-Information" type="Grouped">

      <setfield name="avp-code" value="1016"></setfield>

      <setfield name="flags" value="192"></setfield>

      <setfield name="Vendor-ID" value="10415"></setfield>

    </define>

    <define name="QoS-Class-Identifier" type="Unsigned32">

      <setfield name="avp-code" value="1028"></setfield>

      <setfield name="flags" value="192"></setfield>

      <setfield name="Vendor-ID" value="10415"></setfield>

    </define>

    <define name="QoS-Upgrade" type="Unsigned32">

      <setfield name="avp-code" value="1030"></setfield>

      <setfield name="flags" value="192"></setfield>

      <setfield name="Vendor-ID" value="10415"></setfield>

    </define>

    <define name="3GPP-SGSN-Address" type="OctetString">

      <setfield name="avp-code" value="6"></setfield>

      <setfield name="flags" value="192"></setfield>

      <setfield name="Vendor-ID" value="10415"></setfield>

    </define>
	
	<define name="RAI" type="OctetString">

      <setfield name="avp-code" value="909"></setfield>

      <setfield name="flags" value="192"></setfield>

      <setfield name="Vendor-ID" value="10415"></setfield>

    </define>
	
	<define name="3GPP-User-Location-Info" type="OctetString">

      <setfield name="avp-code" value="22"></setfield>

      <setfield name="flags" value="192"></setfield>

      <setfield name="Vendor-ID" value="10415"></setfield>

    </define>
	
	<define name="3GPP-MS-TimeZone" type="OctetString">

      <setfield name="avp-code" value="23"></setfield>

      <setfield name="flags" value="192"></setfield>

      <setfield name="Vendor-ID" value="10415"></setfield>

    </define>
	
    <define name="Bearer-Usage" type="Unsigned32">

      <setfield name="avp-code" value="1000"></setfield>

      <setfield name="flags" value="192"></setfield>

      <setfield name="Vendor-ID" value="10415"></setfield>

    </define>
    
    <define name="Charging-Rule-Install" type="Grouped">

      <setfield name="avp-code" value="1001"></setfield>

      <setfield name="flags" value="192"></setfield>

      <setfield name="Vendor-ID" value="10415"></setfield>

    </define>

    <define name="Charging-Rule-Base-Name" type="OctetString">

      <setfield name="avp-code" value="1004"></setfield>

      <setfield name="flags" value="192"></setfield>

      <setfield name="Vendor-ID" value="10415"></setfield>

    </define>

    <define name="Access-Network-Charging-Address" type="OctetString">

      <setfield name="avp-code" value="501"></setfield>

      <setfield name="flags" value="192"></setfield>

      <setfield name="Vendor-ID" value="10415"></setfield>

    </define>

    <define name="Access-Network-Charging-Identifier-Gx" type="Grouped">

      <setfield name="avp-code" value="1022"></setfield>

      <setfield name="flags" value="192"></setfield>

      <setfield name="Vendor-ID" value="10415"></setfield>

    </define>

    <define name="Access-Network-Charging-Identifier-Value" type="OctetString">

      <setfield name="avp-code" value="503"></setfield>

      <setfield name="flags" value="192"></setfield>

      <setfield name="Vendor-ID" value="10415"></setfield>

    </define>

    <define name="Bearer-Control-Mode" type="Unsigned32">

      <setfield name="avp-code" value="1023"></setfield>

      <setfield name="flags" value="192"></setfield>

      <setfield name="Vendor-ID" value="10415"></setfield>

    </define>

    

    <define name="Termination-Cause" type="Unsigned32">

      <setfield name="avp-code" value="295"></setfield>

      <setfield name="flags" value="192"></setfield>

    </define>

    

    



    <!-- dummy -->

    <define name="CSG-Id" type="Unsigned32">

      <setfield name="avp-code" value="1010"></setfield>

      <setfield name="flags" value="192"></setfield>

      <setfield name="Vendor-ID" value="10415"></setfield>

    </define>

    <define name="City" type="OctetString">

      <setfield name="avp-code" value="1077"></setfield>

      <setfield name="flags" value="192"></setfield>

      <setfield name="Vendor-ID" value="10415"></setfield>

    </define>

    <define name="Area" type="OctetString">

      <setfield name="avp-code" value="1066"></setfield>

      <setfield name="flags" value="192"></setfield>

      <setfield name="Vendor-ID" value="10415"></setfield>

    </define>

    <define name="Zone" type="OctetString">

      <setfield name="avp-code" value="1065"></setfield>

      <setfield name="flags" value="192"></setfield>

      <setfield name="Vendor-ID" value="10415"></setfield>

    </define>

    <define name="CustomerSegment" type="OctetString">

      <setfield name="avp-code" value="1057"></setfield>

      <setfield name="flags" value="192"></setfield>

      <setfield name="Vendor-ID" value="10415"></setfield>

    </define>
    <define name="Subscription-Id" type="Grouped">
      <setfield name="avp-code" value="443"></setfield>
      <setfield name="flags" value="64"></setfield>
    </define>

    <define name="Subscription-Id-Type" type="Unsigned32">
      <setfield name="avp-code" value="450"></setfield>
      <setfield name="flags" value="64"></setfield>
    </define>  
    <define name="Subscription-Id-Data" type="OctetString">
      <setfield name="avp-code" value="444"></setfield>
      <setfield name="flags" value="64"></setfield>
    </define>

<!--- Policy Counter-->
<define name="Policy-Counter-Status-Report" type="Grouped">
      <setfield name="avp-code" value="2903"></setfield>
      <setfield name="flags" value="192"></setfield>
      <setfield name="Vendor-ID" value="10415"></setfield>
    </define>
 <define name="Policy-Counter-Identifier" type="OctetString">
      <setfield name="avp-code" value="2901"></setfield>
      <setfield name="flags" value="192"></setfield>
      <setfield name="Vendor-ID" value="10415"></setfield>    
</define>  
    <define name="Policy-Counter-Status" type="OctetString">
      <setfield name="avp-code" value="2902"></setfield>
      <setfield name="flags" value="192"></setfield>
      <setfield name="Vendor-ID" value="10415"></setfield>  
  </define>
    <!--    Huawei AVPs    -->
        <define name="gx-x-hw-usage-report" type="Grouped">
        <setfield name="avp-code" value="2005"></setfield>
        <setfield name="flags" value="224"></setfield>
        <setfield name="Vendor-ID" value="2011"></setfield>
        </define>

        <define name="gx-x-hw-session-usage" type="Grouped">
        <setfield name="avp-code" value="2006"></setfield>
        <setfield name="flags" value="224"></setfield>
        <setfield name="Vendor-ID" value="2011"></setfield>
        </define>

        <define name="gx-cc-input-octets" type="Unsigned64">
        <setfield name="avp-code" value="412"></setfield>
        <setfield name="flags" value="224"></setfield>
        <setfield name="Vendor-ID" value="2011"></setfield>
        </define>

        <define name="gx-cc-output-octets" type="Unsigned64">
        <setfield name="avp-code" value="414"></setfield>
        <setfield name="flags" value="224"></setfield>
        <setfield name="Vendor-ID" value="2011"></setfield>
        </define>
 
  </avp>

  <!-- COMMAND definitions -->
  <command session-id="Session-Id" out-of-session-id="HbH-id">
    <define name="CER">
       <!-- It's a request, R bit is set -->
       <setfield name="flags" value="128"> </setfield>
       <setfield name="cmd-code" value="257"></setfield>
       <setfield name="protocol-version" value="1"></setfield>
    </define> 
    <define name="CEA">
       
       <setfield name="flags" value="0"> </setfield>
       <setfield name="cmd-code" value="257"></setfield>
       <setfield name="protocol-version" value="1"></setfield>
    </define> 
   <define name="CCR">
       <!-- It's a request, R bit is set -->
       <setfield name="flags" value="128"> </setfield>
       <setfield name="cmd-code" value="272"></setfield>
       <setfield name="application-id" value="16777238"></setfield>
       <setfield name="protocol-version" value="1"></setfield>
    </define> 
    <define name="CCA">
       
       <setfield name="flags" value="0"> </setfield>
       <setfield name="cmd-code" value="272"></setfield>
       <setfield name="application-id" value="16777238"></setfield>
       <setfield name="protocol-version" value="1"></setfield>
    </define>
    <define name="AAR">
       <!-- It's a request, R bit is set -->
       <setfield name="flags" value="192"> </setfield>
       <setfield name="cmd-code" value="265"></setfield>
       <setfield name="application-id" value="16777236"></setfield>
       <setfield name="protocol-version" value="1"></setfield>
    </define>

    <define name="RAR">
       <!-- It's a request, R bit is set -->
       <setfield name="flags" value="192"> </setfield>
       <setfield name="cmd-code" value="258"></setfield>
       <setfield name="application-id" value="16777238"></setfield>
       <setfield name="protocol-version" value="1"></setfield>
    </define>

    <define name="RAA">

       <setfield name="flags" value="0"> </setfield>
       <setfield name="cmd-code" value="258"></setfield>
       <setfield name="application-id" value="16777238"></setfield>
       <setfield name="protocol-version" value="1"></setfield>
    </define>

    <define name="AAA">
       
       <setfield name="flags" value="0"> </setfield>
       <setfield name="cmd-code" value="265"></setfield>
       <setfield name="application-id" value="16777236"></setfield>
       <setfield name="protocol-version" value="1"></setfield>
    </define>   


    <define name="ASR">
       <!-- It's a request, R bit is set -->
       <setfield name="flags" value="192"> </setfield>
       <setfield name="cmd-code" value="274"></setfield>
       <setfield name="application-id" value="16777236"></setfield>
       <setfield name="protocol-version" value="1"></setfield>
    </define>

     <define name="ASA">
       
       <setfield name="flags" value="0"> </setfield>
       <setfield name="cmd-code" value="274"></setfield>
       <setfield name="application-id" value="16777236"></setfield>
       <setfield name="protocol-version" value="1"></setfield>
    </define>

 
    <define name="STR">
       <!-- It's a request, R bit is set -->
       <setfield name="flags" value="192"> </setfield>
       <setfield name="cmd-code" value="275"></setfield>
       <setfield name="application-id" value="16777236"></setfield>
       <setfield name="protocol-version" value="1"></setfield>
    </define>

     <define name="STA">
       <setfield name="flags" value="0"> </setfield>
       <setfield name="cmd-code" value="275"></setfield>
       <setfield name="application-id" value="16777236"></setfield>
       <setfield name="protocol-version" value="1"></setfield>
    </define>
    
    <define name="DWR">
       <!-- It's a request, R bit is set -->
       <setfield name="flags" value="192"> </setfield>
       <setfield name="cmd-code" value="280"></setfield>
       <setfield name="application-id" value="16777238"></setfield>
       <setfield name="protocol-version" value="1"></setfield>
    </define>

     <define name="DWA">
       
       <setfield name="flags" value="0"> </setfield>
       <setfield name="cmd-code" value="280"></setfield>
       <setfield name="application-id" value="16777238"></setfield>
       <setfield name="protocol-version" value="1"></setfield>
    </define>
    
  </command>

</dictionary>
</protocol>
