<?xml version="1.0" encoding="ISO-8859-1" ?>
<scenario>

	<counter>
	<counterdef name="HbH-counter" init="1000"></counterdef>
		<counterdef name="EtE-counter" init="2000"></counterdef>
		<counterdef name="gx-session-counter" init="100"></counterdef>
		<counterdef name="rx-session-counter" init="100"></counterdef>
	</counter>

	<!-- Init -->
	<init>
				
		<send channel="channel-gx">
			<command name="CER">
				<avp name="Host-IP-Address" value="0x00010a03fc5e"></avp> <!-- IPV4 10.3.252.94 -->
				<avp name="Vendor-Id" value="10415"></avp>
				<avp name="Product-Name" value="Seagull"></avp>
				<avp name="Origin-State-Id" value="1094807040"></avp>
			<avp name="Supported-Vendor-Id" value="10415"> </avp>
			<avp name="Auth-Application-Id" value="16777238"> </avp>
			<avp name="Acct-Application-Id" value="0"> </avp>			
			<ceravp></ceravp>
				<avp name="Firmware-Revision" value="1">
				</avp>
			</command>
		</send>

		<receive channel="channel-gx">
			<command name="CEA">
			</command>
		</receive>
		
		
				
	</init>



	<traffic>

	<!--   gx CCR-I Request		 -->
		<send channel="channel-gx">
			<action>
				<inc-counter name="HbH-counter"></inc-counter>
				<inc-counter name="EtE-counter"></inc-counter> 
				<set-value name="HbH-id" format="$(HbH-counter)"></set-value>
				<set-value name="EtE-id" format="$(EtE-counter)"></set-value>
				<set-value name="Session-Id" format="gx.elite.com;50020049;$(gx-session-counter)"></set-value>
			</action>
			<command name="CCR">
				<avp name="Session-Id" value="value_will_replace"></avp>
                        <changed></changed>
			</command>
			<action>
				<start-timer></start-timer>
			</action>
		</send>

		<receive channel="channel-gx">
			<action>
				<stop-timer></stop-timer>
			</action>
			<command name="CCA">
			</command>
		</receive>
          
	</traffic>
</scenario>
